test_id,robot_count,mission_size,inventory_id,scenario,mode,makespan,robot_id,robot_idle_time
test-multi_5_20_t_cleaning_i0_bl2,5,20,0,cleaning,bl2,1006.5085988044739,robot_1,410.6424329280853
test-multi_5_20_t_cleaning_i0_bl2,5,20,0,cleaning,bl2,1006.5085988044739,robot_2,619.1259288787842
test-multi_5_20_t_cleaning_i0_bl2,5,20,0,cleaning,bl2,1006.5085988044739,robot_3,992.9851629734039
test-multi_5_20_t_cleaning_i0_bl2,5,20,0,cleaning,bl2,1006.5085988044739,robot_4,976.4562063217163
test-multi_5_20_t_cleaning_i0_bl2,5,20,0,cleaning,bl2,1006.5085988044739,robot_5,983.9955208301544
test-multi_10_20_t_cleaning_i0_multi3,10,20,0,cleaning,multi3,138.04749822616577,robot_1,82.5816707611084
test-multi_10_20_t_cleaning_i0_multi3,10,20,0,cleaning,multi3,138.04749822616577,robot_2,51.125494956970215
test-multi_10_20_t_cleaning_i0_multi3,10,20,0,cleaning,multi3,138.04749822616577,robot_3,94.58180403709412
test-multi_10_20_t_cleaning_i0_multi3,10,20,0,cleaning,multi3,138.04749822616577,robot_4,99.03858613967896
test-multi_10_20_t_cleaning_i0_multi3,10,20,0,cleaning,multi3,138.04749822616577,robot_5,78.13679075241089
test-multi_10_20_t_cleaning_i0_multi3,10,20,0,cleaning,multi3,138.04749822616577,robot_6,82.5845878124237
test-multi_10_20_t_cleaning_i0_multi3,10,20,0,cleaning,multi3,138.04749822616577,robot_7,94.58180403709412
test-multi_10_20_t_cleaning_i0_multi3,10,20,0,cleaning,multi3,138.04749822616577,robot_8,100.58354568481445
test-multi_10_20_t_cleaning_i0_multi3,10,20,0,cleaning,multi3,138.04749822616577,robot_9,49.42092776298523
test-multi_10_20_t_cleaning_i0_multi3,10,20,0,cleaning,multi3,138.04749822616577,robot_10,91.50652813911438
test-multi_10_10_t_cleaning_i0_bl1,10,10,0,cleaning,bl1,489.0470702648163,robot_1,190.89280891418457
test-multi_10_10_t_cleaning_i0_bl1,10,10,0,cleaning,bl1,489.0470702648163,robot_2,319.83991527557373
test-multi_10_10_t_cleaning_i0_bl1,10,10,0,cleaning,bl1,489.0470702648163,robot_3,489.0470702648163
test-multi_10_10_t_cleaning_i0_bl1,10,10,0,cleaning,bl1,489.0470702648163,robot_4,469.59909439086914
test-multi_10_10_t_cleaning_i0_bl1,10,10,0,cleaning,bl1,489.0470702648163,robot_5,489.0470702648163
test-multi_10_10_t_cleaning_i0_bl1,10,10,0,cleaning,bl1,489.0470702648163,robot_6,489.0470702648163
test-multi_10_10_t_cleaning_i0_bl1,10,10,0,cleaning,bl1,489.0470702648163,robot_7,468.04648756980896
test-multi_10_10_t_cleaning_i0_bl1,10,10,0,cleaning,bl1,489.0470702648163,robot_8,471.0440320968628
test-multi_10_10_t_cleaning_i0_bl1,10,10,0,cleaning,bl1,489.0470702648163,robot_9,489.0470702648163
test-multi_10_10_t_cleaning_i0_bl1,10,10,0,cleaning,bl1,489.0470702648163,robot_10,489.0470702648163
test-multi_5_10_t_cleaning_i1_bl2,5,10,1,cleaning,bl2,462.03310894966125,robot_1,174.2217311859131
test-multi_5_10_t_cleaning_i1_bl2,5,10,1,cleaning,bl2,462.03310894966125,robot_2,305.8456072807312
test-multi_5_10_t_cleaning_i1_bl2,5,10,1,cleaning,bl2,462.03310894966125,robot_3,433.50961351394653
test-multi_5_10_t_cleaning_i1_bl2,5,10,1,cleaning,bl2,462.03310894966125,robot_4,462.03310894966125
test-multi_5_10_t_cleaning_i1_bl2,5,10,1,cleaning,bl2,462.03310894966125,robot_5,438.03343534469604
test-multi_10_20_t_cleaning_i1_bl1,10,20,1,cleaning,bl1,984.0490138530731,robot_1,396.75931096076965
test-multi_10_20_t_cleaning_i1_bl1,10,20,1,cleaning,bl1,984.0490138530731,robot_2,642.8151152133942
test-multi_10_20_t_cleaning_i1_bl1,10,20,1,cleaning,bl1,984.0490138530731,robot_3,984.0490138530731
test-multi_10_20_t_cleaning_i1_bl1,10,20,1,cleaning,bl1,984.0490138530731,robot_4,984.0490138530731
test-multi_10_20_t_cleaning_i1_bl1,10,20,1,cleaning,bl1,984.0490138530731,robot_5,984.0490138530731
test-multi_10_20_t_cleaning_i1_bl1,10,20,1,cleaning,bl1,984.0490138530731,robot_6,954.0520069599152
test-multi_10_20_t_cleaning_i1_bl1,10,20,1,cleaning,bl1,984.0490138530731,robot_7,940.5916538238525
test-multi_10_20_t_cleaning_i1_bl1,10,20,1,cleaning,bl1,984.0490138530731,robot_8,964.5959837436676
test-multi_10_20_t_cleaning_i1_bl1,10,20,1,cleaning,bl1,984.0490138530731,robot_9,984.0490138530731
test-multi_10_20_t_cleaning_i1_bl1,10,20,1,cleaning,bl1,984.0490138530731,robot_10,984.0490138530731
test-multi_10_20_t_cleaning_i1_bl0,10,20,1,cleaning,bl0,997.512127161026,robot_1,410.29230260849
test-multi_10_20_t_cleaning_i1_bl0,10,20,1,cleaning,bl0,997.512127161026,robot_2,626.2947809696198
test-multi_10_20_t_cleaning_i1_bl0,10,20,1,cleaning,bl0,997.512127161026,robot_3,982.5079967975616
test-multi_10_20_t_cleaning_i1_bl0,10,20,1,cleaning,bl0,997.512127161026,robot_4,976.5309615135193
test-multi_10_20_t_cleaning_i1_bl0,10,20,1,cleaning,bl0,997.512127161026,robot_5,979.5104365348816
test-multi_10_20_t_cleaning_i1_bl0,10,20,1,cleaning,bl0,997.512127161026,robot_6,997.512127161026
test-multi_10_20_t_cleaning_i1_bl0,10,20,1,cleaning,bl0,997.512127161026,robot_7,975.0538294315338
test-multi_10_20_t_cleaning_i1_bl0,10,20,1,cleaning,bl0,997.512127161026,robot_8,997.512127161026
test-multi_10_20_t_cleaning_i1_bl0,10,20,1,cleaning,bl0,997.512127161026,robot_9,997.512127161026
test-multi_10_20_t_cleaning_i1_bl0,10,20,1,cleaning,bl0,997.512127161026,robot_10,985.512286901474
test-multi_10_10_t_cleaning_i0_bl0,10,10,0,cleaning,bl0,487.5054404735565,robot_1,229.85075163841248
test-multi_10_10_t_cleaning_i0_bl0,10,10,0,cleaning,bl0,487.5054404735565,robot_2,319.8347980976105
test-multi_10_10_t_cleaning_i0_bl0,10,10,0,cleaning,bl0,487.5054404735565,robot_3,465.0322804450989
test-multi_10_10_t_cleaning_i0_bl0,10,10,0,cleaning,bl0,487.5054404735565,robot_4,487.5054404735565
test-multi_10_10_t_cleaning_i0_bl0,10,10,0,cleaning,bl0,487.5054404735565,robot_5,487.5054404735565
test-multi_10_10_t_cleaning_i0_bl0,10,10,0,cleaning,bl0,487.5054404735565,robot_6,465.05102825164795
test-multi_10_10_t_cleaning_i0_bl0,10,10,0,cleaning,bl0,487.5054404735565,robot_7,468.05390429496765
test-multi_10_10_t_cleaning_i0_bl0,10,10,0,cleaning,bl0,487.5054404735565,robot_8,471.0356960296631
test-multi_10_10_t_cleaning_i0_bl0,10,10,0,cleaning,bl0,487.5054404735565,robot_9,469.5008285045624
test-multi_10_10_t_cleaning_i0_bl0,10,10,0,cleaning,bl0,487.5054404735565,robot_10,487.5054404735565
test-multi_5_20_t_cleaning_i0_bl1,5,20,0,cleaning,bl1,1000.5074028968811,robot_1,411.44005703926086
test-multi_5_20_t_cleaning_i0_bl1,5,20,0,cleaning,bl1,1000.5074028968811,robot_2,612.3171970844269
test-multi_5_20_t_cleaning_i0_bl1,5,20,0,cleaning,bl1,1000.5074028968811,robot_3,987.0310709476471
test-multi_5_20_t_cleaning_i0_bl1,5,20,0,cleaning,bl1,1000.5074028968811,robot_4,958.5078370571136
test-multi_5_20_t_cleaning_i0_bl1,5,20,0,cleaning,bl1,1000.5074028968811,robot_5,972.0267531871796
test-multi_2_2_t_cleaning_i0_multi3,2,2,0,cleaning,multi3,108.01971483230591,robot_1,18.02006506919861
test-multi_2_2_t_cleaning_i0_multi3,2,2,0,cleaning,multi3,108.01971483230591,robot_2,52.5080463886261
test-multi_10_10_t_cleaning_i0_bl2,10,10,0,cleaning,bl2,490.50777792930603,robot_1,235.79584193229675
test-multi_10_10_t_cleaning_i0_bl2,10,10,0,cleaning,bl2,490.50777792930603,robot_2,306.353502035141
test-multi_10_10_t_cleaning_i0_bl2,10,10,0,cleaning,bl2,490.50777792930603,robot_3,450.0375871658325
test-multi_10_10_t_cleaning_i0_bl2,10,10,0,cleaning,bl2,490.50777792930603,robot_4,490.50777792930603
test-multi_10_10_t_cleaning_i0_bl2,10,10,0,cleaning,bl2,490.50777792930603,robot_5,471.04896450042725
test-multi_10_10_t_cleaning_i0_bl2,10,10,0,cleaning,bl2,490.50777792930603,robot_6,490.50777792930603
test-multi_10_10_t_cleaning_i0_bl2,10,10,0,cleaning,bl2,490.50777792930603,robot_7,490.50777792930603
test-multi_10_10_t_cleaning_i0_bl2,10,10,0,cleaning,bl2,490.50777792930603,robot_8,468.04801893234253
test-multi_10_10_t_cleaning_i0_bl2,10,10,0,cleaning,bl2,490.50777792930603,robot_9,490.50777792930603
test-multi_10_10_t_cleaning_i0_bl2,10,10,0,cleaning,bl2,490.50777792930603,robot_10,490.50777792930603
test-multi_2_20_t_cleaning_i2_multi3,2,20,2,cleaning,multi3,592.5060834884644,robot_1,13.505654335021973
test-multi_2_20_t_cleaning_i2_multi3,2,20,2,cleaning,multi3,592.5060834884644,robot_2,3.0234415531158447
test-multi_5_10_t_cleaning_i1_bl1,5,10,1,cleaning,bl1,484.5066885948181,robot_1,230.94587993621826
test-multi_5_10_t_cleaning_i1_bl1,5,10,1,cleaning,bl1,484.5066885948181,robot_2,291.1683032512665
test-multi_5_10_t_cleaning_i1_bl1,5,10,1,cleaning,bl1,484.5066885948181,robot_3,446.97171545028687
test-multi_5_10_t_cleaning_i1_bl1,5,10,1,cleaning,bl1,484.5066885948181,robot_4,484.5066885948181
test-multi_5_10_t_cleaning_i1_bl1,5,10,1,cleaning,bl1,484.5066885948181,robot_5,457.49598956108093
test-multi_10_20_t_cleaning_i1_bl2,10,20,1,cleaning,bl2,990.045328617096,robot_1,410.349422454834
test-multi_10_20_t_cleaning_i1_bl2,10,20,1,cleaning,bl2,990.045328617096,robot_2,651.7256960868835
test-multi_10_20_t_cleaning_i1_bl2,10,20,1,cleaning,bl2,990.045328617096,robot_3,990.045328617096
test-multi_10_20_t_cleaning_i1_bl2,10,20,1,cleaning,bl2,990.045328617096,robot_4,949.5839676856995
test-multi_10_20_t_cleaning_i1_bl2,10,20,1,cleaning,bl2,990.045328617096,robot_5,990.045328617096
test-multi_10_20_t_cleaning_i1_bl2,10,20,1,cleaning,bl2,990.045328617096,robot_6,990.045328617096
test-multi_10_20_t_cleaning_i1_bl2,10,20,1,cleaning,bl2,990.045328617096,robot_7,966.0502202510834
test-multi_10_20_t_cleaning_i1_bl2,10,20,1,cleaning,bl2,990.045328617096,robot_8,970.5907027721405
test-multi_10_20_t_cleaning_i1_bl2,10,20,1,cleaning,bl2,990.045328617096,robot_9,990.045328617096
test-multi_10_20_t_cleaning_i1_bl2,10,20,1,cleaning,bl2,990.045328617096,robot_10,964.585414648056
test-multi_5_10_t_cleaning_i1_bl0,5,10,1,cleaning,bl0,495.0345251560211,robot_1,222.24441194534302
test-multi_5_10_t_cleaning_i1_bl0,5,10,1,cleaning,bl0,495.0345251560211,robot_2,322.65423369407654
test-multi_5_10_t_cleaning_i1_bl0,5,10,1,cleaning,bl0,495.0345251560211,robot_3,442.56402945518494
test-multi_5_10_t_cleaning_i1_bl0,5,10,1,cleaning,bl0,495.0345251560211,robot_4,495.0345251560211
test-multi_5_10_t_cleaning_i1_bl0,5,10,1,cleaning,bl0,495.0345251560211,robot_5,471.0334219932556
test-multi_5_10_t_cleaning_i2_multi3,5,10,2,cleaning,multi3,151.5072808265686,robot_1,54.03121209144592
test-multi_5_10_t_cleaning_i2_multi3,5,10,2,cleaning,multi3,151.5072808265686,robot_2,3.0298666954040527
test-multi_5_10_t_cleaning_i2_multi3,5,10,2,cleaning,multi3,151.5072808265686,robot_3,9.035744428634644
test-multi_5_10_t_cleaning_i2_multi3,5,10,2,cleaning,multi3,151.5072808265686,robot_4,47.98103976249695
test-multi_5_10_t_cleaning_i2_multi3,5,10,2,cleaning,multi3,151.5072808265686,robot_5,47.98541283607483
test-multi_10_10_t_cleaning_i1_multi3,10,10,1,cleaning,multi3,78.04753112792969,robot_1,30.103143453598022
test-multi_10_10_t_cleaning_i1_multi3,10,10,1,cleaning,multi3,78.04753112792969,robot_2,24.047361612319946
test-multi_10_10_t_cleaning_i1_multi3,10,10,1,cleaning,multi3,78.04753112792969,robot_3,15.047728538513184
test-multi_10_10_t_cleaning_i1_multi3,10,10,1,cleaning,multi3,78.04753112792969,robot_4,24.03948140144348
test-multi_10_10_t_cleaning_i1_multi3,10,10,1,cleaning,multi3,78.04753112792969,robot_5,25.58680748939514
test-multi_10_10_t_cleaning_i1_multi3,10,10,1,cleaning,multi3,78.04753112792969,robot_6,27.040846824645996
test-multi_10_10_t_cleaning_i1_multi3,10,10,1,cleaning,multi3,78.04753112792969,robot_7,45.048089265823364
test-multi_10_10_t_cleaning_i1_multi3,10,10,1,cleaning,multi3,78.04753112792969,robot_8,30.044172048568726
test-multi_10_10_t_cleaning_i1_multi3,10,10,1,cleaning,multi3,78.04753112792969,robot_9,30.131433963775635
test-multi_10_10_t_cleaning_i1_multi3,10,10,1,cleaning,multi3,78.04753112792969,robot_10,13.563440322875977
test-multi_5_20_t_cleaning_i0_bl0,5,20,0,cleaning,bl0,1005.0319085121155,robot_1,396.40198612213135
test-multi_5_20_t_cleaning_i0_bl0,5,20,0,cleaning,bl0,1005.0319085121155,robot_2,620.6241724491119
test-multi_5_20_t_cleaning_i0_bl0,5,20,0,cleaning,bl0,1005.0319085121155,robot_3,982.5586309432983
test-multi_5_20_t_cleaning_i0_bl0,5,20,0,cleaning,bl0,1005.0319085121155,robot_4,997.5158948898315
test-multi_5_20_t_cleaning_i0_bl0,5,20,0,cleaning,bl0,1005.0319085121155,robot_5,970.5511312484741
test-multi_10_10_t_cleaning_i1_bl2,10,10,1,cleaning,bl2,450.0486571788788,robot_1,201.36157965660095
test-multi_10_10_t_cleaning_i1_bl2,10,10,1,cleaning,bl2,450.0486571788788,robot_2,289.9013149738312
test-multi_10_10_t_cleaning_i1_bl2,10,10,1,cleaning,bl2,450.0486571788788,robot_3,450.0486571788788
test-multi_10_10_t_cleaning_i1_bl2,10,10,1,cleaning,bl2,450.0486571788788,robot_4,415.50743198394775
test-multi_10_10_t_cleaning_i1_bl2,10,10,1,cleaning,bl2,450.0486571788788,robot_5,441.04719161987305
test-multi_10_10_t_cleaning_i1_bl2,10,10,1,cleaning,bl2,450.0486571788788,robot_6,450.0486571788788
test-multi_10_10_t_cleaning_i1_bl2,10,10,1,cleaning,bl2,450.0486571788788,robot_7,450.0486571788788
test-multi_10_10_t_cleaning_i1_bl2,10,10,1,cleaning,bl2,450.0486571788788,robot_8,450.0486571788788
test-multi_10_10_t_cleaning_i1_bl2,10,10,1,cleaning,bl2,450.0486571788788,robot_9,430.5768656730652
test-multi_10_10_t_cleaning_i1_bl2,10,10,1,cleaning,bl2,450.0486571788788,robot_10,441.0493071079254
test-multi_5_20_t_cleaning_i1_bl1,5,20,1,cleaning,bl1,922.5065369606018,robot_1,357.39103841781616
test-multi_5_20_t_cleaning_i1_bl1,5,20,1,cleaning,bl1,922.5065369606018,robot_2,922.5065369606018
test-multi_5_20_t_cleaning_i1_bl1,5,20,1,cleaning,bl1,922.5065369606018,robot_3,640.836562871933
test-multi_5_20_t_cleaning_i1_bl1,5,20,1,cleaning,bl1,922.5065369606018,robot_4,846.0890882015228
test-multi_5_20_t_cleaning_i1_bl1,5,20,1,cleaning,bl1,922.5065369606018,robot_5,883.5002660751343
test-multi_10_20_t_cleaning_i0_bl2,10,20,0,cleaning,bl2,984.0365319252014,robot_1,422.28715562820435
test-multi_10_20_t_cleaning_i0_bl2,10,20,0,cleaning,bl2,984.0365319252014,robot_2,576.7331013679504
test-multi_10_20_t_cleaning_i0_bl2,10,20,0,cleaning,bl2,984.0365319252014,robot_3,984.0365319252014
test-multi_10_20_t_cleaning_i0_bl2,10,20,0,cleaning,bl2,984.0365319252014,robot_4,984.0365319252014
test-multi_10_20_t_cleaning_i0_bl2,10,20,0,cleaning,bl2,984.0365319252014,robot_5,972.0322153568268
test-multi_10_20_t_cleaning_i0_bl2,10,20,0,cleaning,bl2,984.0365319252014,robot_6,964.5784602165222
test-multi_10_20_t_cleaning_i0_bl2,10,20,0,cleaning,bl2,984.0365319252014,robot_7,984.0365319252014
test-multi_10_20_t_cleaning_i0_bl2,10,20,0,cleaning,bl2,984.0365319252014,robot_8,984.0365319252014
test-multi_10_20_t_cleaning_i0_bl2,10,20,0,cleaning,bl2,984.0365319252014,robot_9,984.0365319252014
test-multi_10_20_t_cleaning_i0_bl2,10,20,0,cleaning,bl2,984.0365319252014,robot_10,963.0493402481079
test-multi_5_10_t_cleaning_i0_bl1,5,10,0,cleaning,bl1,426.0337541103363,robot_1,331.64126992225647
test-multi_5_10_t_cleaning_i0_bl1,5,10,0,cleaning,bl1,426.0337541103363,robot_2,188.8875424861908
test-multi_5_10_t_cleaning_i0_bl1,5,10,0,cleaning,bl1,426.0337541103363,robot_3,398.976845741272
test-multi_5_10_t_cleaning_i0_bl1,5,10,0,cleaning,bl1,426.0337541103363,robot_4,358.5095715522766
test-multi_5_10_t_cleaning_i0_bl1,5,10,0,cleaning,bl1,426.0337541103363,robot_5,412.5082857608795
test-multi_5_10_t_cleaning_i0_bl0,5,10,0,cleaning,bl0,405.03678703308105,robot_1,301.36017513275146
test-multi_5_10_t_cleaning_i0_bl0,5,10,0,cleaning,bl0,405.03678703308105,robot_2,133.35775327682495
test-multi_5_10_t_cleaning_i0_bl0,5,10,0,cleaning,bl0,405.03678703308105,robot_3,397.5136399269104
test-multi_5_10_t_cleaning_i0_bl0,5,10,0,cleaning,bl0,405.03678703308105,robot_4,384.0375063419342
test-multi_5_10_t_cleaning_i0_bl0,5,10,0,cleaning,bl0,405.03678703308105,robot_5,379.52197909355164
test-multi_5_2_t_cleaning_i0_multi3,5,2,0,cleaning,multi3,79.50562024116516,robot_1,60.034433364868164
test-multi_5_2_t_cleaning_i0_multi3,5,2,0,cleaning,multi3,79.50562024116516,robot_2,33.02346754074097
test-multi_5_2_t_cleaning_i0_multi3,5,2,0,cleaning,multi3,79.50562024116516,robot_3,24.02865505218506
test-multi_5_2_t_cleaning_i0_multi3,5,2,0,cleaning,multi3,79.50562024116516,robot_4,54.02308130264282
test-multi_5_2_t_cleaning_i0_multi3,5,2,0,cleaning,multi3,79.50562024116516,robot_5,79.50562024116516
test-multi_5_20_t_cleaning_i1_bl0,5,20,1,cleaning,bl0,931.5034568309784,robot_1,385.4619960784912
test-multi_5_20_t_cleaning_i1_bl0,5,20,1,cleaning,bl0,931.5034568309784,robot_2,902.9834725856781
test-multi_5_20_t_cleaning_i1_bl0,5,20,1,cleaning,bl0,931.5034568309784,robot_3,600.4281668663025
test-multi_5_20_t_cleaning_i1_bl0,5,20,1,cleaning,bl0,931.5034568309784,robot_4,898.5469360351562
test-multi_5_20_t_cleaning_i1_bl0,5,20,1,cleaning,bl0,931.5034568309784,robot_5,912.020628452301
test-multi_10_10_t_cleaning_i1_bl1,10,10,1,cleaning,bl1,451.5053610801697,robot_1,187.20809316635132
test-multi_10_10_t_cleaning_i1_bl1,10,10,1,cleaning,bl1,451.5053610801697,robot_2,300.37245869636536
test-multi_10_10_t_cleaning_i1_bl1,10,10,1,cleaning,bl1,451.5053610801697,robot_3,441.0431034564972
test-multi_10_10_t_cleaning_i1_bl1,10,10,1,cleaning,bl1,451.5053610801697,robot_4,451.5053610801697
test-multi_10_10_t_cleaning_i1_bl1,10,10,1,cleaning,bl1,451.5053610801697,robot_5,441.03075981140137
test-multi_10_10_t_cleaning_i1_bl1,10,10,1,cleaning,bl1,451.5053610801697,robot_6,433.5041880607605
test-multi_10_10_t_cleaning_i1_bl1,10,10,1,cleaning,bl1,451.5053610801697,robot_7,429.0510013103485
test-multi_10_10_t_cleaning_i1_bl1,10,10,1,cleaning,bl1,451.5053610801697,robot_8,451.5053610801697
test-multi_10_10_t_cleaning_i1_bl1,10,10,1,cleaning,bl1,451.5053610801697,robot_9,451.5053610801697
test-multi_10_10_t_cleaning_i1_bl1,10,10,1,cleaning,bl1,451.5053610801697,robot_10,441.04309272766113
test-multi_5_20_t_cleaning_i1_bl2,5,20,1,cleaning,bl2,945.0313572883606,robot_1,391.8777916431427
test-multi_5_20_t_cleaning_i1_bl2,5,20,1,cleaning,bl2,945.0313572883606,robot_2,871.552309513092
test-multi_5_20_t_cleaning_i1_bl2,5,20,1,cleaning,bl2,945.0313572883606,robot_3,598.972297668457
test-multi_5_20_t_cleaning_i1_bl2,5,20,1,cleaning,bl2,945.0313572883606,robot_4,925.5417339801788
test-multi_5_20_t_cleaning_i1_bl2,5,20,1,cleaning,bl2,945.0313572883606,robot_5,945.0313572883606
test-multi_10_20_t_cleaning_i0_bl1,10,20,0,cleaning,bl1,970.5057616233826,robot_1,440.23073863983154
test-multi_10_20_t_cleaning_i0_bl1,10,20,0,cleaning,bl1,970.5057616233826,robot_2,600.6610944271088
test-multi_10_20_t_cleaning_i0_bl1,10,20,0,cleaning,bl1,970.5057616233826,robot_3,952.5109255313873
test-multi_10_20_t_cleaning_i0_bl1,10,20,0,cleaning,bl1,970.5057616233826,robot_4,951.0315120220184
test-multi_10_20_t_cleaning_i0_bl1,10,20,0,cleaning,bl1,970.5057616233826,robot_5,924.0498564243317
test-multi_10_20_t_cleaning_i0_bl1,10,20,0,cleaning,bl1,970.5057616233826,robot_6,970.5057616233826
test-multi_10_20_t_cleaning_i0_bl1,10,20,0,cleaning,bl1,970.5057616233826,robot_7,952.5049474239349
test-multi_10_20_t_cleaning_i0_bl1,10,20,0,cleaning,bl1,970.5057616233826,robot_8,970.5057616233826
test-multi_10_20_t_cleaning_i0_bl1,10,20,0,cleaning,bl1,970.5057616233826,robot_9,958.4871623516083
test-multi_10_20_t_cleaning_i0_bl1,10,20,0,cleaning,bl1,970.5057616233826,robot_10,970.5057616233826
test-multi_5_10_t_cleaning_i0_bl2,5,10,0,cleaning,bl2,409.5070278644562,robot_1,304.3809561729431
test-multi_5_10_t_cleaning_i0_bl2,5,10,0,cleaning,bl2,409.5070278644562,robot_2,137.8196315765381
test-multi_5_10_t_cleaning_i0_bl2,5,10,0,cleaning,bl2,409.5070278644562,robot_3,386.97949051856995
test-multi_5_10_t_cleaning_i0_bl2,5,10,0,cleaning,bl2,409.5070278644562,robot_4,364.46389985084534
test-multi_5_10_t_cleaning_i0_bl2,5,10,0,cleaning,bl2,409.5070278644562,robot_5,409.5070278644562
test-multi_10_20_t_cleaning_i0_bl0,10,20,0,cleaning,bl0,984.0583939552307,robot_1,405.8821470737457
test-multi_10_20_t_cleaning_i0_bl0,10,20,0,cleaning,bl0,984.0583939552307,robot_2,641.1139853000641
test-multi_10_20_t_cleaning_i0_bl0,10,20,0,cleaning,bl0,984.0583939552307,robot_3,961.6005432605743
test-multi_10_20_t_cleaning_i0_bl0,10,20,0,cleaning,bl0,984.0583939552307,robot_4,940.5845830440521
test-multi_10_20_t_cleaning_i0_bl0,10,20,0,cleaning,bl0,984.0583939552307,robot_5,984.0583939552307
test-multi_10_20_t_cleaning_i0_bl0,10,20,0,cleaning,bl0,984.0583939552307,robot_6,984.0583939552307
test-multi_10_20_t_cleaning_i0_bl0,10,20,0,cleaning,bl0,984.0583939552307,robot_7,984.0583939552307
test-multi_10_20_t_cleaning_i0_bl0,10,20,0,cleaning,bl0,984.0583939552307,robot_8,984.0583939552307
test-multi_10_20_t_cleaning_i0_bl0,10,20,0,cleaning,bl0,984.0583939552307,robot_9,966.0623228549957
test-multi_10_20_t_cleaning_i0_bl0,10,20,0,cleaning,bl0,984.0583939552307,robot_10,963.0489802360535
test-multi_10_10_t_cleaning_i1_bl0,10,10,1,cleaning,bl0,456.0402011871338,robot_1,189.36399126052856
test-multi_10_10_t_cleaning_i1_bl0,10,10,1,cleaning,bl0,456.0402011871338,robot_2,274.8844723701477
test-multi_10_10_t_cleaning_i1_bl0,10,10,1,cleaning,bl0,456.0402011871338,robot_3,456.0402011871338
test-multi_10_10_t_cleaning_i1_bl0,10,10,1,cleaning,bl0,456.0402011871338,robot_4,436.59177803993225
test-multi_10_10_t_cleaning_i1_bl0,10,10,1,cleaning,bl0,456.0402011871338,robot_5,447.0396149158478
test-multi_10_10_t_cleaning_i1_bl0,10,10,1,cleaning,bl0,456.0402011871338,robot_6,456.0402011871338
test-multi_10_10_t_cleaning_i1_bl0,10,10,1,cleaning,bl0,456.0402011871338,robot_7,456.0402011871338
test-multi_10_10_t_cleaning_i1_bl0,10,10,1,cleaning,bl0,456.0402011871338,robot_8,447.0410611629486
test-multi_10_10_t_cleaning_i1_bl0,10,10,1,cleaning,bl0,456.0402011871338,robot_9,456.0402011871338
test-multi_10_10_t_cleaning_i1_bl0,10,10,1,cleaning,bl0,456.0402011871338,robot_10,445.5111424922943
test-multi_10_20_t_cleaning_i2_bl2,10,20,2,cleaning,bl2,822.0510332584381,robot_1,34.5754611492157
test-multi_10_20_t_cleaning_i2_bl2,10,20,2,cleaning,bl2,822.0510332584381,robot_2,802.583217382431
test-multi_10_20_t_cleaning_i2_bl2,10,20,2,cleaning,bl2,822.0510332584381,robot_3,814.5920236110687
test-multi_10_20_t_cleaning_i2_bl2,10,20,2,cleaning,bl2,822.0510332584381,robot_4,805.5858821868896
test-multi_10_20_t_cleaning_i2_bl2,10,20,2,cleaning,bl2,822.0510332584381,robot_5,822.0510332584381
test-multi_10_20_t_cleaning_i2_bl2,10,20,2,cleaning,bl2,822.0510332584381,robot_6,816.0464315414429
test-multi_10_20_t_cleaning_i2_bl2,10,20,2,cleaning,bl2,822.0510332584381,robot_7,822.0510332584381
test-multi_10_20_t_cleaning_i2_bl2,10,20,2,cleaning,bl2,822.0510332584381,robot_8,822.0510332584381
test-multi_10_20_t_cleaning_i2_bl2,10,20,2,cleaning,bl2,822.0510332584381,robot_9,822.0510332584381
test-multi_10_20_t_cleaning_i2_bl2,10,20,2,cleaning,bl2,822.0510332584381,robot_10,811.510763168335
test-multi_5_10_t_cleaning_i2_bl1,5,10,2,cleaning,bl1,526.5095388889313,robot_1,211.67045331001282
test-multi_5_10_t_cleaning_i2_bl1,5,10,2,cleaning,bl1,526.5095388889313,robot_2,342.2306203842163
test-multi_5_10_t_cleaning_i2_bl1,5,10,2,cleaning,bl1,526.5095388889313,robot_3,508.50938296318054
test-multi_5_10_t_cleaning_i2_bl1,5,10,2,cleaning,bl1,526.5095388889313,robot_4,507.03699135780334
test-multi_5_10_t_cleaning_i2_bl1,5,10,2,cleaning,bl1,526.5095388889313,robot_5,493.5408036708832
test-multi_2_10_t_cleaning_i1_multi3,2,10,1,cleaning,multi3,357.01066279411316,robot_1,23.999162673950195
test-multi_2_10_t_cleaning_i1_multi3,2,10,1,cleaning,multi3,357.01066279411316,robot_2,48.02028179168701
test-multi_10_20_t_cleaning_i2_multi3,10,20,2,cleaning,multi3,166.50679183006287,robot_1,48.04682779312134
test-multi_10_20_t_cleaning_i2_multi3,10,20,2,cleaning,multi3,166.50679183006287,robot_2,138.04288005828857
test-multi_10_20_t_cleaning_i2_multi3,10,20,2,cleaning,multi3,166.50679183006287,robot_3,75.04385709762573
test-multi_10_20_t_cleaning_i2_multi3,10,20,2,cleaning,multi3,166.50679183006287,robot_4,78.06527209281921
test-multi_10_20_t_cleaning_i2_multi3,10,20,2,cleaning,multi3,166.50679183006287,robot_5,67.50160884857178
test-multi_10_20_t_cleaning_i2_multi3,10,20,2,cleaning,multi3,166.50679183006287,robot_6,85.57702374458313
test-multi_10_20_t_cleaning_i2_multi3,10,20,2,cleaning,multi3,166.50679183006287,robot_7,129.04919528961182
test-multi_10_20_t_cleaning_i2_multi3,10,20,2,cleaning,multi3,166.50679183006287,robot_8,73.5113034248352
test-multi_10_20_t_cleaning_i2_multi3,10,20,2,cleaning,multi3,166.50679183006287,robot_9,126.06366777420044
test-multi_10_20_t_cleaning_i2_multi3,10,20,2,cleaning,multi3,166.50679183006287,robot_10,49.34862995147705
test-multi_5_20_t_cleaning_i1_multi3,5,20,1,cleaning,multi3,289.508989572525,robot_1,73.46501350402832
test-multi_5_20_t_cleaning_i1_multi3,5,20,1,cleaning,multi3,289.508989572525,robot_2,49.48259997367859
test-multi_5_20_t_cleaning_i1_multi3,5,20,1,cleaning,multi3,289.508989572525,robot_3,28.52204728126526
test-multi_5_20_t_cleaning_i1_multi3,5,20,1,cleaning,multi3,289.508989572525,robot_4,19.523340463638306
test-multi_5_20_t_cleaning_i1_multi3,5,20,1,cleaning,multi3,289.508989572525,robot_5,80.94843983650208
test-multi_5_10_t_cleaning_i2_bl0,5,10,2,cleaning,bl0,535.5086135864258,robot_1,222.04579544067383
test-multi_5_10_t_cleaning_i2_bl0,5,10,2,cleaning,bl0,535.5086135864258,robot_2,367.69179606437683
test-multi_5_10_t_cleaning_i2_bl0,5,10,2,cleaning,bl0,535.5086135864258,robot_3,511.5113830566406
test-multi_5_10_t_cleaning_i2_bl0,5,10,2,cleaning,bl0,535.5086135864258,robot_4,514.5097770690918
test-multi_5_10_t_cleaning_i2_bl0,5,10,2,cleaning,bl0,535.5086135864258,robot_5,502.5004086494446
test-multi_10_20_t_cleaning_i2_bl1,10,20,2,cleaning,bl1,820.5106782913208,robot_1,37.60051989555359
test-multi_10_20_t_cleaning_i2_bl1,10,20,2,cleaning,bl1,820.5106782913208,robot_2,801.0535559654236
test-multi_10_20_t_cleaning_i2_bl1,10,20,2,cleaning,bl1,820.5106782913208,robot_3,820.5106782913208
test-multi_10_20_t_cleaning_i2_bl1,10,20,2,cleaning,bl1,820.5106782913208,robot_4,801.0497500896454
test-multi_10_20_t_cleaning_i2_bl1,10,20,2,cleaning,bl1,820.5106782913208,robot_5,820.5106782913208
test-multi_10_20_t_cleaning_i2_bl1,10,20,2,cleaning,bl1,820.5106782913208,robot_6,820.5106782913208
test-multi_10_20_t_cleaning_i2_bl1,10,20,2,cleaning,bl1,820.5106782913208,robot_7,810.0511164665222
test-multi_10_20_t_cleaning_i2_bl1,10,20,2,cleaning,bl1,820.5106782913208,robot_8,820.5106782913208
test-multi_10_20_t_cleaning_i2_bl1,10,20,2,cleaning,bl1,820.5106782913208,robot_9,811.511180639267
test-multi_10_20_t_cleaning_i2_bl1,10,20,2,cleaning,bl1,820.5106782913208,robot_10,820.5106782913208
test-multi_5_10_t_cleaning_i2_bl2,5,10,2,cleaning,bl2,522.027496099472,robot_1,202.7041277885437
test-multi_5_10_t_cleaning_i2_bl2,5,10,2,cleaning,bl2,522.027496099472,robot_2,366.2140235900879
test-multi_5_10_t_cleaning_i2_bl2,5,10,2,cleaning,bl2,522.027496099472,robot_3,480.02710247039795
test-multi_5_10_t_cleaning_i2_bl2,5,10,2,cleaning,bl2,522.027496099472,robot_4,502.5456790924072
test-multi_5_10_t_cleaning_i2_bl2,5,10,2,cleaning,bl2,522.027496099472,robot_5,505.54308795928955
test-multi_5_10_t_cleaning_i0_multi3,5,10,0,cleaning,multi3,129.03348517417908,robot_1,42.08247900009155
test-multi_5_10_t_cleaning_i0_multi3,5,10,0,cleaning,multi3,129.03348517417908,robot_2,10.564165115356445
test-multi_5_10_t_cleaning_i0_multi3,5,10,0,cleaning,multi3,129.03348517417908,robot_3,25.52381420135498
test-multi_5_10_t_cleaning_i0_multi3,5,10,0,cleaning,multi3,129.03348517417908,robot_4,31.559785842895508
test-multi_5_10_t_cleaning_i0_multi3,5,10,0,cleaning,multi3,129.03348517417908,robot_5,79.5642921924591
test-multi_2_2_t_cleaning_i2_multi3,2,2,2,cleaning,multi3,66.01907229423523,robot_1,3.0185739994049072
test-multi_2_2_t_cleaning_i2_multi3,2,2,2,cleaning,multi3,66.01907229423523,robot_2,16.506715774536133
test-multi_2_20_t_cleaning_i0_multi3,2,20,0,cleaning,multi3,577.5103061199188,robot_1,25.50252628326416
test-multi_2_20_t_cleaning_i0_multi3,2,20,0,cleaning,multi3,577.5103061199188,robot_2,3.025425672531128
test-multi_10_20_t_cleaning_i2_bl0,10,20,2,cleaning,bl0,822.0492587089539,robot_1,57.03356146812439
test-multi_10_20_t_cleaning_i2_bl0,10,20,2,cleaning,bl0,822.0492587089539,robot_2,807.0456564426422
test-multi_10_20_t_cleaning_i2_bl0,10,20,2,cleaning,bl0,822.0492587089539,robot_3,813.049652338028
test-multi_10_20_t_cleaning_i2_bl0,10,20,2,cleaning,bl0,822.0492587089539,robot_4,816.0667395591736
test-multi_10_20_t_cleaning_i2_bl0,10,20,2,cleaning,bl0,822.0492587089539,robot_5,802.5084915161133
test-multi_10_20_t_cleaning_i2_bl0,10,20,2,cleaning,bl0,822.0492587089539,robot_6,822.0492587089539
test-multi_10_20_t_cleaning_i2_bl0,10,20,2,cleaning,bl0,822.0492587089539,robot_7,822.0492587089539
test-multi_10_20_t_cleaning_i2_bl0,10,20,2,cleaning,bl0,822.0492587089539,robot_8,811.5094873905182
test-multi_10_20_t_cleaning_i2_bl0,10,20,2,cleaning,bl0,822.0492587089539,robot_9,802.5926949977875
test-multi_10_20_t_cleaning_i2_bl0,10,20,2,cleaning,bl0,822.0492587089539,robot_10,822.0492587089539
test-multi_10_2_t_cleaning_i1_multi3,10,2,1,cleaning,multi3,69.05088973045349,robot_1,69.05088973045349
test-multi_10_2_t_cleaning_i1_multi3,10,2,1,cleaning,multi3,69.05088973045349,robot_2,6.0441060066223145
test-multi_10_2_t_cleaning_i1_multi3,10,2,1,cleaning,multi3,69.05088973045349,robot_3,69.05088973045349
test-multi_10_2_t_cleaning_i1_multi3,10,2,1,cleaning,multi3,69.05088973045349,robot_4,69.05088973045349
test-multi_10_2_t_cleaning_i1_multi3,10,2,1,cleaning,multi3,69.05088973045349,robot_5,25.59406089782715
test-multi_10_2_t_cleaning_i1_multi3,10,2,1,cleaning,multi3,69.05088973045349,robot_6,28.586169004440308
test-multi_10_2_t_cleaning_i1_multi3,10,2,1,cleaning,multi3,69.05088973045349,robot_7,69.05088973045349
test-multi_10_2_t_cleaning_i1_multi3,10,2,1,cleaning,multi3,69.05088973045349,robot_8,69.05088973045349
test-multi_10_2_t_cleaning_i1_multi3,10,2,1,cleaning,multi3,69.05088973045349,robot_9,69.05088973045349
test-multi_10_2_t_cleaning_i1_multi3,10,2,1,cleaning,multi3,69.05088973045349,robot_10,69.05088973045349
test-multi_5_2_t_cleaning_i2_multi3,5,2,2,cleaning,multi3,49.50720572471619,robot_1,49.50720572471619
test-multi_5_2_t_cleaning_i2_multi3,5,2,2,cleaning,multi3,49.50720572471619,robot_2,15.030125379562378
test-multi_5_2_t_cleaning_i2_multi3,5,2,2,cleaning,multi3,49.50720572471619,robot_3,33.042519092559814
test-multi_5_2_t_cleaning_i2_multi3,5,2,2,cleaning,multi3,49.50720572471619,robot_4,24.024791955947876
test-multi_5_2_t_cleaning_i2_multi3,5,2,2,cleaning,multi3,49.50720572471619,robot_5,13.570857048034668
test-multi_5_20_t_cleaning_i2_bl2,5,20,2,cleaning,bl2,955.5050461292267,robot_1,366.2962989807129
test-multi_5_20_t_cleaning_i2_bl2,5,20,2,cleaning,bl2,955.5050461292267,robot_2,648.389999628067
test-multi_5_20_t_cleaning_i2_bl2,5,20,2,cleaning,bl2,955.5050461292267,robot_3,907.5392141342163
test-multi_5_20_t_cleaning_i2_bl2,5,20,2,cleaning,bl2,955.5050461292267,robot_4,909.0355882644653
test-multi_5_20_t_cleaning_i2_bl2,5,20,2,cleaning,bl2,955.5050461292267,robot_5,955.5050461292267
test-multi_10_10_t_cleaning_i2_bl1,10,10,2,cleaning,bl1,435.04849433898926,robot_1,36.092971324920654
test-multi_10_10_t_cleaning_i2_bl1,10,10,2,cleaning,bl1,435.04849433898926,robot_2,435.04849433898926
test-multi_10_10_t_cleaning_i2_bl1,10,10,2,cleaning,bl1,435.04849433898926,robot_3,408.1208448410034
test-multi_10_10_t_cleaning_i2_bl1,10,10,2,cleaning,bl1,435.04849433898926,robot_4,435.04849433898926
test-multi_10_10_t_cleaning_i2_bl1,10,10,2,cleaning,bl1,435.04849433898926,robot_5,435.04849433898926
test-multi_10_10_t_cleaning_i2_bl1,10,10,2,cleaning,bl1,435.04849433898926,robot_6,421.58118891716003
test-multi_10_10_t_cleaning_i2_bl1,10,10,2,cleaning,bl1,435.04849433898926,robot_7,435.04849433898926
test-multi_10_10_t_cleaning_i2_bl1,10,10,2,cleaning,bl1,435.04849433898926,robot_8,412.5990614891052
test-multi_10_10_t_cleaning_i2_bl1,10,10,2,cleaning,bl1,435.04849433898926,robot_9,435.04849433898926
test-multi_10_10_t_cleaning_i2_bl1,10,10,2,cleaning,bl1,435.04849433898926,robot_10,435.04849433898926
test-multi_10_10_t_cleaning_i2_bl0,10,10,2,cleaning,bl0,436.50585103034973,robot_1,52.574939489364624
test-multi_10_10_t_cleaning_i2_bl0,10,10,2,cleaning,bl0,436.50585103034973,robot_2,436.50585103034973
test-multi_10_10_t_cleaning_i2_bl0,10,10,2,cleaning,bl0,436.50585103034973,robot_3,436.50585103034973
test-multi_10_10_t_cleaning_i2_bl0,10,10,2,cleaning,bl0,436.50585103034973,robot_4,420.04640102386475
test-multi_10_10_t_cleaning_i2_bl0,10,10,2,cleaning,bl0,436.50585103034973,robot_5,417.0496406555176
test-multi_10_10_t_cleaning_i2_bl0,10,10,2,cleaning,bl0,436.50585103034973,robot_6,414.049280166626
test-multi_10_10_t_cleaning_i2_bl0,10,10,2,cleaning,bl0,436.50585103034973,robot_7,436.50585103034973
test-multi_10_10_t_cleaning_i2_bl0,10,10,2,cleaning,bl0,436.50585103034973,robot_8,436.50585103034973
test-multi_10_10_t_cleaning_i2_bl0,10,10,2,cleaning,bl0,436.50585103034973,robot_9,421.5123128890991
test-multi_10_10_t_cleaning_i2_bl0,10,10,2,cleaning,bl0,436.50585103034973,robot_10,436.50585103034973
test-multi_5_20_t_cleaning_i2_bl1,5,20,2,cleaning,bl1,957.0284659862518,robot_1,385.96049642562866
test-multi_5_20_t_cleaning_i2_bl1,5,20,2,cleaning,bl1,957.0284659862518,robot_2,653.5750353336334
test-multi_5_20_t_cleaning_i2_bl1,5,20,2,cleaning,bl1,957.0284659862518,robot_3,857.9595839977264
test-multi_5_20_t_cleaning_i2_bl1,5,20,2,cleaning,bl1,957.0284659862518,robot_4,936.0435235500336
test-multi_5_20_t_cleaning_i2_bl1,5,20,2,cleaning,bl1,957.0284659862518,robot_5,957.0284659862518
test-multi_10_10_t_cleaning_i2_bl2,10,10,2,cleaning,bl2,435.037442445755,robot_1,31.578540086746216
test-multi_10_10_t_cleaning_i2_bl2,10,10,2,cleaning,bl2,435.037442445755,robot_2,435.037442445755
test-multi_10_10_t_cleaning_i2_bl2,10,10,2,cleaning,bl2,435.037442445755,robot_3,435.037442445755
test-multi_10_10_t_cleaning_i2_bl2,10,10,2,cleaning,bl2,435.037442445755,robot_4,435.037442445755
test-multi_10_10_t_cleaning_i2_bl2,10,10,2,cleaning,bl2,435.037442445755,robot_5,435.037442445755
test-multi_10_10_t_cleaning_i2_bl2,10,10,2,cleaning,bl2,435.037442445755,robot_6,412.49544501304626
test-multi_10_10_t_cleaning_i2_bl2,10,10,2,cleaning,bl2,435.037442445755,robot_7,415.55977177619934
test-multi_10_10_t_cleaning_i2_bl2,10,10,2,cleaning,bl2,435.037442445755,robot_8,435.037442445755
test-multi_10_10_t_cleaning_i2_bl2,10,10,2,cleaning,bl2,435.037442445755,robot_9,435.037442445755
test-multi_10_10_t_cleaning_i2_bl2,10,10,2,cleaning,bl2,435.037442445755,robot_10,424.57890915870667
test-multi_5_20_t_cleaning_i2_bl0,5,20,2,cleaning,bl0,943.505166053772,robot_1,367.8596405982971
test-multi_5_20_t_cleaning_i2_bl0,5,20,2,cleaning,bl0,943.505166053772,robot_2,615.0879302024841
test-multi_5_20_t_cleaning_i2_bl0,5,20,2,cleaning,bl0,943.505166053772,robot_3,880.5909309387207
test-multi_5_20_t_cleaning_i2_bl0,5,20,2,cleaning,bl0,943.505166053772,robot_4,930.0186972618103
test-multi_5_20_t_cleaning_i2_bl0,5,20,2,cleaning,bl0,943.505166053772,robot_5,919.548600435257
test-multi_10_2_t_cleaning_i2_bl2,10,2,2,cleaning,bl2,94.50414943695068,robot_1,84.04136180877686
test-multi_10_2_t_cleaning_i2_bl2,10,2,2,cleaning,bl2,94.50414943695068,robot_2,61.416094064712524
test-multi_10_2_t_cleaning_i2_bl2,10,2,2,cleaning,bl2,94.50414943695068,robot_3,94.50414943695068
test-multi_10_2_t_cleaning_i2_bl2,10,2,2,cleaning,bl2,94.50414943695068,robot_4,76.50917077064514
test-multi_10_2_t_cleaning_i2_bl2,10,2,2,cleaning,bl2,94.50414943695068,robot_5,76.50804138183594
test-multi_10_2_t_cleaning_i2_bl2,10,2,2,cleaning,bl2,94.50414943695068,robot_6,94.50414943695068
test-multi_10_2_t_cleaning_i2_bl2,10,2,2,cleaning,bl2,94.50414943695068,robot_7,94.50414943695068
test-multi_10_2_t_cleaning_i2_bl2,10,2,2,cleaning,bl2,94.50414943695068,robot_8,82.50061416625977
test-multi_10_2_t_cleaning_i2_bl2,10,2,2,cleaning,bl2,94.50414943695068,robot_9,94.50414943695068
test-multi_10_2_t_cleaning_i2_bl2,10,2,2,cleaning,bl2,94.50414943695068,robot_10,75.04610085487366
test-multi_5_2_t_cleaning_i1_bl2,5,2,1,cleaning,bl2,93.03282523155212,robot_1,93.03282523155212
test-multi_5_2_t_cleaning_i1_bl2,5,2,1,cleaning,bl2,93.03282523155212,robot_2,37.56788778305054
test-multi_5_2_t_cleaning_i1_bl2,5,2,1,cleaning,bl2,93.03282523155212,robot_3,73.56224775314331
test-multi_5_2_t_cleaning_i1_bl2,5,2,1,cleaning,bl2,93.03282523155212,robot_4,93.03282523155212
test-multi_5_2_t_cleaning_i1_bl2,5,2,1,cleaning,bl2,93.03282523155212,robot_5,58.55626463890076
test-multi_5_2_t_cleaning_i1_multi3,5,2,1,cleaning,multi3,70.53513407707214,robot_1,42.00073027610779
test-multi_5_2_t_cleaning_i1_multi3,5,2,1,cleaning,multi3,70.53513407707214,robot_2,16.594367504119873
test-multi_5_2_t_cleaning_i1_multi3,5,2,1,cleaning,multi3,70.53513407707214,robot_3,28.59044051170349
test-multi_5_2_t_cleaning_i1_multi3,5,2,1,cleaning,multi3,70.53513407707214,robot_4,70.53513407707214
test-multi_5_2_t_cleaning_i1_multi3,5,2,1,cleaning,multi3,70.53513407707214,robot_5,70.53513407707214
test-multi_2_20_t_cleaning_i1_bl2,2,20,1,cleaning,bl2,847.5088427066803,robot_1,139.47270441055298
test-multi_2_20_t_cleaning_i1_bl2,2,20,1,cleaning,bl2,847.5088427066803,robot_2,685.4665319919586
test-multi_2_2_t_cleaning_i2_bl2,2,2,2,cleaning,bl2,94.50691819190979,robot_1,37.507286071777344
test-multi_2_2_t_cleaning_i2_bl2,2,2,2,cleaning,bl2,94.50691819190979,robot_2,43.47778391838074
test-multi_2_10_t_cleaning_i0_bl2,2,10,0,cleaning,bl2,463.5051429271698,robot_1,61.4557991027832
test-multi_2_10_t_cleaning_i0_bl2,2,10,0,cleaning,bl2,463.5051429271698,robot_2,382.4741213321686
test-multi_10_2_t_cleaning_i2_multi3,10,2,2,cleaning,multi3,52.50714373588562,robot_1,52.50714373588562
test-multi_10_2_t_cleaning_i2_multi3,10,2,2,cleaning,multi3,52.50714373588562,robot_2,52.50714373588562
test-multi_10_2_t_cleaning_i2_multi3,10,2,2,cleaning,multi3,52.50714373588562,robot_3,15.04775333404541
test-multi_10_2_t_cleaning_i2_multi3,10,2,2,cleaning,multi3,52.50714373588562,robot_4,12.038576126098633
test-multi_10_2_t_cleaning_i2_multi3,10,2,2,cleaning,multi3,52.50714373588562,robot_5,52.50714373588562
test-multi_10_2_t_cleaning_i2_multi3,10,2,2,cleaning,multi3,52.50714373588562,robot_6,42.04785990715027
test-multi_10_2_t_cleaning_i2_multi3,10,2,2,cleaning,multi3,52.50714373588562,robot_7,30.040791988372803
test-multi_10_2_t_cleaning_i2_multi3,10,2,2,cleaning,multi3,52.50714373588562,robot_8,52.50714373588562
test-multi_10_2_t_cleaning_i2_multi3,10,2,2,cleaning,multi3,52.50714373588562,robot_9,52.50714373588562
test-multi_10_2_t_cleaning_i2_multi3,10,2,2,cleaning,multi3,52.50714373588562,robot_10,52.50714373588562
test-multi_10_2_t_cleaning_i2_bl1,10,2,2,cleaning,bl1,91.50775933265686,robot_1,57.03363060951233
test-multi_10_2_t_cleaning_i2_bl1,10,2,2,cleaning,bl1,91.50775933265686,robot_2,52.582517862319946
test-multi_10_2_t_cleaning_i2_bl1,10,2,2,cleaning,bl1,91.50775933265686,robot_3,78.05177044868469
test-multi_10_2_t_cleaning_i2_bl1,10,2,2,cleaning,bl1,91.50775933265686,robot_4,91.50775933265686
test-multi_10_2_t_cleaning_i2_bl1,10,2,2,cleaning,bl1,91.50775933265686,robot_5,91.50775933265686
test-multi_10_2_t_cleaning_i2_bl1,10,2,2,cleaning,bl1,91.50775933265686,robot_6,78.04237675666809
test-multi_10_2_t_cleaning_i2_bl1,10,2,2,cleaning,bl1,91.50775933265686,robot_7,72.0594539642334
test-multi_10_2_t_cleaning_i2_bl1,10,2,2,cleaning,bl1,91.50775933265686,robot_8,91.50775933265686
test-multi_10_2_t_cleaning_i2_bl1,10,2,2,cleaning,bl1,91.50775933265686,robot_9,91.50775933265686
test-multi_10_2_t_cleaning_i2_bl1,10,2,2,cleaning,bl1,91.50775933265686,robot_10,91.50775933265686
test-multi_2_10_t_cleaning_i0_bl0,2,10,0,cleaning,bl0,451.5038740634918,robot_1,34.516337156295776
test-multi_2_10_t_cleaning_i0_bl0,2,10,0,cleaning,bl0,451.5038740634918,robot_2,394.53758573532104
test-multi_5_2_t_cleaning_i1_bl1,5,2,1,cleaning,bl1,96.0222065448761,robot_1,82.54233646392822
test-multi_5_2_t_cleaning_i1_bl1,5,2,1,cleaning,bl1,96.0222065448761,robot_2,84.02523422241211
test-multi_5_2_t_cleaning_i1_bl1,5,2,1,cleaning,bl1,96.0222065448761,robot_3,52.54684090614319
test-multi_5_2_t_cleaning_i1_bl1,5,2,1,cleaning,bl1,96.0222065448761,robot_4,48.022435426712036
test-multi_5_2_t_cleaning_i1_bl1,5,2,1,cleaning,bl1,96.0222065448761,robot_5,87.03236722946167
test-multi_2_2_t_cleaning_i2_bl0,2,2,2,cleaning,bl0,97.50819253921509,robot_1,55.50432324409485
test-multi_2_2_t_cleaning_i2_bl0,2,2,2,cleaning,bl0,97.50819253921509,robot_2,30.003035306930542
test-multi_2_20_t_cleaning_i1_bl0,2,20,1,cleaning,bl0,829.5071427822113,robot_1,58.48287916183472
test-multi_2_20_t_cleaning_i1_bl0,2,20,1,cleaning,bl0,829.5071427822113,robot_2,754.489424943924
test-multi_2_20_t_cleaning_i1_bl1,2,20,1,cleaning,bl1,843.0230929851532,robot_1,96.00693202018738
test-multi_2_20_t_cleaning_i1_bl1,2,20,1,cleaning,bl1,843.0230929851532,robot_2,726.0176258087158
test-multi_2_2_t_cleaning_i2_bl1,2,2,2,cleaning,bl1,94.50880312919617,robot_1,19.51089310646057
test-multi_2_2_t_cleaning_i2_bl1,2,2,2,cleaning,bl1,94.50880312919617,robot_2,62.997129678726196
test-multi_5_2_t_cleaning_i1_bl0,5,2,1,cleaning,bl0,93.02913022041321,robot_1,93.02913022041321
test-multi_5_2_t_cleaning_i1_bl0,5,2,1,cleaning,bl0,93.02913022041321,robot_2,36.04015517234802
test-multi_5_2_t_cleaning_i1_bl0,5,2,1,cleaning,bl0,93.02913022041321,robot_3,52.5156888961792
test-multi_5_2_t_cleaning_i1_bl0,5,2,1,cleaning,bl0,93.02913022041321,robot_4,79.51015973091125
test-multi_5_2_t_cleaning_i1_bl0,5,2,1,cleaning,bl0,93.02913022041321,robot_5,76.51023077964783
test-multi_2_10_t_cleaning_i0_bl1,2,10,0,cleaning,bl1,468.01194286346436,robot_1,100.4737000465393
test-multi_2_10_t_cleaning_i0_bl1,2,10,0,cleaning,bl1,468.01194286346436,robot_2,346.4665629863739
test-multi_10_2_t_cleaning_i2_bl0,10,2,2,cleaning,bl0,94.50733017921448,robot_1,39.04205679893494
test-multi_10_2_t_cleaning_i2_bl0,10,2,2,cleaning,bl0,94.50733017921448,robot_2,51.138426065444946
test-multi_10_2_t_cleaning_i2_bl0,10,2,2,cleaning,bl0,94.50733017921448,robot_3,75.03304147720337
test-multi_10_2_t_cleaning_i2_bl0,10,2,2,cleaning,bl0,94.50733017921448,robot_4,94.50733017921448
test-multi_10_2_t_cleaning_i2_bl0,10,2,2,cleaning,bl0,94.50733017921448,robot_5,94.50733017921448
test-multi_10_2_t_cleaning_i2_bl0,10,2,2,cleaning,bl0,94.50733017921448,robot_6,94.50733017921448
test-multi_10_2_t_cleaning_i2_bl0,10,2,2,cleaning,bl0,94.50733017921448,robot_7,94.50733017921448
test-multi_10_2_t_cleaning_i2_bl0,10,2,2,cleaning,bl0,94.50733017921448,robot_8,94.50733017921448
test-multi_10_2_t_cleaning_i2_bl0,10,2,2,cleaning,bl0,94.50733017921448,robot_9,94.50733017921448
test-multi_10_2_t_cleaning_i2_bl0,10,2,2,cleaning,bl0,94.50733017921448,robot_10,94.50733017921448
test-multi_2_10_t_cleaning_i1_bl0,2,10,1,cleaning,bl0,516.0199236869812,robot_1,281.90087842941284
test-multi_2_10_t_cleaning_i1_bl0,2,10,1,cleaning,bl0,516.0199236869812,robot_2,208.39241790771484
test-multi_5_2_t_cleaning_i0_bl1,5,2,0,cleaning,bl1,120.01938128471375,robot_1,79.54587388038635
test-multi_5_2_t_cleaning_i0_bl1,5,2,0,cleaning,bl1,120.01938128471375,robot_2,67.54477834701538
test-multi_5_2_t_cleaning_i0_bl1,5,2,0,cleaning,bl1,120.01938128471375,robot_3,76.54843425750732
test-multi_5_2_t_cleaning_i0_bl1,5,2,0,cleaning,bl1,120.01938128471375,robot_4,120.01938128471375
test-multi_5_2_t_cleaning_i0_bl1,5,2,0,cleaning,bl1,120.01938128471375,robot_5,103.56550574302673
test-multi_10_20_t_cleaning_i1_multi3,10,20,1,cleaning,multi3,138.0581774711609,robot_1,114.057204246521
test-multi_10_20_t_cleaning_i1_multi3,10,20,1,cleaning,multi3,138.0581774711609,robot_2,85.60207533836365
test-multi_10_20_t_cleaning_i1_multi3,10,20,1,cleaning,multi3,138.0581774711609,robot_3,58.606775999069214
test-multi_10_20_t_cleaning_i1_multi3,10,20,1,cleaning,multi3,138.0581774711609,robot_4,97.59737777709961
test-multi_10_20_t_cleaning_i1_multi3,10,20,1,cleaning,multi3,138.0581774711609,robot_5,94.65460419654846
test-multi_10_20_t_cleaning_i1_multi3,10,20,1,cleaning,multi3,138.0581774711609,robot_6,87.05053114891052
test-multi_10_20_t_cleaning_i1_multi3,10,20,1,cleaning,multi3,138.0581774711609,robot_7,85.59058547019958
test-multi_10_20_t_cleaning_i1_multi3,10,20,1,cleaning,multi3,138.0581774711609,robot_8,99.1427788734436
test-multi_10_20_t_cleaning_i1_multi3,10,20,1,cleaning,multi3,138.0581774711609,robot_9,114.057204246521
test-multi_10_20_t_cleaning_i1_multi3,10,20,1,cleaning,multi3,138.0581774711609,robot_10,81.06282806396484
test-multi_2_20_t_cleaning_i0_bl0,2,20,0,cleaning,bl0,961.5082876682281,robot_1,461.8126895427704
test-multi_2_20_t_cleaning_i0_bl0,2,20,0,cleaning,bl0,961.5082876682281,robot_2,469.31811594963074
test-multi_5_20_t_cleaning_i2_multi3,5,20,2,cleaning,multi3,333.040465593338,robot_1,130.5548255443573
test-multi_5_20_t_cleaning_i2_multi3,5,20,2,cleaning,multi3,333.040465593338,robot_2,72.01216888427734
test-multi_5_20_t_cleaning_i2_multi3,5,20,2,cleaning,multi3,333.040465593338,robot_3,16.555598974227905
test-multi_5_20_t_cleaning_i2_multi3,5,20,2,cleaning,multi3,333.040465593338,robot_4,123.04101729393005
test-multi_5_20_t_cleaning_i2_multi3,5,20,2,cleaning,multi3,333.040465593338,robot_5,208.5524411201477
test-multi_2_10_t_cleaning_i2_multi3,2,10,2,cleaning,multi3,315.020325422287,robot_1,6.026545286178589
test-multi_2_10_t_cleaning_i2_multi3,2,10,2,cleaning,multi3,315.020325422287,robot_2,39.019702196121216
test-multi_2_20_t_cleaning_i0_bl1,2,20,0,cleaning,bl1,972.0140588283539,robot_1,410.8167989253998
test-multi_2_20_t_cleaning_i0_bl1,2,20,0,cleaning,bl1,972.0140588283539,robot_2,523.2959294319153
test-multi_5_2_t_cleaning_i0_bl0,5,2,0,cleaning,bl0,102.0337815284729,robot_1,90.019695520401
test-multi_5_2_t_cleaning_i0_bl0,5,2,0,cleaning,bl0,102.0337815284729,robot_2,85.5595920085907
test-multi_5_2_t_cleaning_i0_bl0,5,2,0,cleaning,bl0,102.0337815284729,robot_3,48.02613186836243
test-multi_5_2_t_cleaning_i0_bl0,5,2,0,cleaning,bl0,102.0337815284729,robot_4,102.0337815284729
test-multi_5_2_t_cleaning_i0_bl0,5,2,0,cleaning,bl0,102.0337815284729,robot_5,55.509750843048096
test-multi_2_10_t_cleaning_i1_bl1,2,10,1,cleaning,bl1,516.0121157169342,robot_1,233.89207887649536
test-multi_2_10_t_cleaning_i1_bl1,2,10,1,cleaning,bl1,516.0121157169342,robot_2,248.90176582336426
test-multi_5_2_t_cleaning_i0_bl2,5,2,0,cleaning,bl2,103.5070652961731,robot_1,68.98167371749878
test-multi_5_2_t_cleaning_i0_bl2,5,2,0,cleaning,bl2,103.5070652961731,robot_2,75.02978992462158
test-multi_5_2_t_cleaning_i0_bl2,5,2,0,cleaning,bl2,103.5070652961731,robot_3,61.54353308677673
test-multi_5_2_t_cleaning_i0_bl2,5,2,0,cleaning,bl2,103.5070652961731,robot_4,103.5070652961731
test-multi_5_2_t_cleaning_i0_bl2,5,2,0,cleaning,bl2,103.5070652961731,robot_5,82.51038384437561
test-multi_2_2_t_cleaning_i1_multi3,2,2,1,cleaning,multi3,112.50874257087708,robot_1,39.010822057724
test-multi_2_2_t_cleaning_i1_multi3,2,2,1,cleaning,multi3,112.50874257087708,robot_2,25.498904705047607
test-multi_10_10_t_cleaning_i0_multi3,10,10,0,cleaning,multi3,96.04719042778015,robot_1,33.1229989528656
test-multi_10_10_t_cleaning_i0_multi3,10,10,0,cleaning,multi3,96.04719042778015,robot_2,43.59389114379883
test-multi_10_10_t_cleaning_i0_multi3,10,10,0,cleaning,multi3,96.04719042778015,robot_3,36.13294792175293
test-multi_10_10_t_cleaning_i0_multi3,10,10,0,cleaning,multi3,96.04719042778015,robot_4,43.59300088882446
test-multi_10_10_t_cleaning_i0_multi3,10,10,0,cleaning,multi3,96.04719042778015,robot_5,10.729224920272827
test-multi_10_10_t_cleaning_i0_multi3,10,10,0,cleaning,multi3,96.04719042778015,robot_6,60.043606996536255
test-multi_10_10_t_cleaning_i0_multi3,10,10,0,cleaning,multi3,96.04719042778015,robot_7,54.04348015785217
test-multi_10_10_t_cleaning_i0_multi3,10,10,0,cleaning,multi3,96.04719042778015,robot_8,28.589767932891846
test-multi_10_10_t_cleaning_i0_multi3,10,10,0,cleaning,multi3,96.04719042778015,robot_9,51.059223890304565
test-multi_10_10_t_cleaning_i0_multi3,10,10,0,cleaning,multi3,96.04719042778015,robot_10,85.59299278259277
test-multi_2_20_t_cleaning_i0_bl2,2,20,0,cleaning,bl2,961.5065982341766,robot_1,469.34649109840393
test-multi_2_20_t_cleaning_i0_bl2,2,20,0,cleaning,bl2,961.5065982341766,robot_2,457.32710456848145
test-multi_2_10_t_cleaning_i1_bl2,2,10,1,cleaning,bl2,522.0108251571655,robot_1,212.91259837150574
test-multi_2_10_t_cleaning_i1_bl2,2,10,1,cleaning,bl2,522.0108251571655,robot_2,275.91547322273254
test-multi_2_20_t_cleaning_i2_bl0,2,20,2,cleaning,bl0,883.5091128349304,robot_1,61.490596771240234
test-multi_2_20_t_cleaning_i2_bl0,2,20,2,cleaning,bl0,883.5091128349304,robot_2,791.9947094917297
test-multi_5_2_t_cleaning_i2_bl1,5,2,2,cleaning,bl1,90.03250670433044,robot_1,70.56112742424011
test-multi_5_2_t_cleaning_i2_bl1,5,2,2,cleaning,bl1,90.03250670433044,robot_2,66.02010250091553
test-multi_5_2_t_cleaning_i2_bl1,5,2,2,cleaning,bl1,90.03250670433044,robot_3,69.04892039299011
test-multi_5_2_t_cleaning_i2_bl1,5,2,2,cleaning,bl1,90.03250670433044,robot_4,61.55688738822937
test-multi_5_2_t_cleaning_i2_bl1,5,2,2,cleaning,bl1,90.03250670433044,robot_5,70.5213828086853
test-multi_2_2_t_cleaning_i1_bl0,2,2,1,cleaning,bl0,111.01170015335083,robot_1,46.50300455093384
test-multi_2_2_t_cleaning_i1_bl0,2,2,1,cleaning,bl0,111.01170015335083,robot_2,37.510098695755005
test-multi_10_2_t_cleaning_i1_bl1,10,2,1,cleaning,bl1,109.50627589225769,robot_1,93.04196214675903
test-multi_10_2_t_cleaning_i1_bl1,10,2,1,cleaning,bl1,109.50627589225769,robot_2,109.50627589225769
test-multi_10_2_t_cleaning_i1_bl1,10,2,1,cleaning,bl1,109.50627589225769,robot_3,97.49216055870056
test-multi_10_2_t_cleaning_i1_bl1,10,2,1,cleaning,bl1,109.50627589225769,robot_4,109.50627589225769
test-multi_10_2_t_cleaning_i1_bl1,10,2,1,cleaning,bl1,109.50627589225769,robot_5,109.50627589225769
test-multi_10_2_t_cleaning_i1_bl1,10,2,1,cleaning,bl1,109.50627589225769,robot_6,64.59569239616394
test-multi_10_2_t_cleaning_i1_bl1,10,2,1,cleaning,bl1,109.50627589225769,robot_7,69.05437064170837
test-multi_10_2_t_cleaning_i1_bl1,10,2,1,cleaning,bl1,109.50627589225769,robot_8,109.50627589225769
test-multi_10_2_t_cleaning_i1_bl1,10,2,1,cleaning,bl1,109.50627589225769,robot_9,90.05496311187744
test-multi_10_2_t_cleaning_i1_bl1,10,2,1,cleaning,bl1,109.50627589225769,robot_10,109.50627589225769
test-multi_10_2_t_cleaning_i0_multi3,10,2,0,cleaning,multi3,55.5045051574707,robot_1,16.583852767944336
test-multi_10_2_t_cleaning_i0_multi3,10,2,0,cleaning,multi3,55.5045051574707,robot_2,7.504262447357178
test-multi_10_2_t_cleaning_i0_multi3,10,2,0,cleaning,multi3,55.5045051574707,robot_3,55.5045051574707
test-multi_10_2_t_cleaning_i0_multi3,10,2,0,cleaning,multi3,55.5045051574707,robot_4,55.5045051574707
test-multi_10_2_t_cleaning_i0_multi3,10,2,0,cleaning,multi3,55.5045051574707,robot_5,55.5045051574707
test-multi_10_2_t_cleaning_i0_multi3,10,2,0,cleaning,multi3,55.5045051574707,robot_6,55.5045051574707
test-multi_10_2_t_cleaning_i0_multi3,10,2,0,cleaning,multi3,55.5045051574707,robot_7,55.5045051574707
test-multi_10_2_t_cleaning_i0_multi3,10,2,0,cleaning,multi3,55.5045051574707,robot_8,21.039470195770264
test-multi_10_2_t_cleaning_i0_multi3,10,2,0,cleaning,multi3,55.5045051574707,robot_9,55.5045051574707
test-multi_10_2_t_cleaning_i0_multi3,10,2,0,cleaning,multi3,55.5045051574707,robot_10,55.5045051574707
test-multi_10_2_t_cleaning_i1_bl0,10,2,1,cleaning,bl0,112.50569176673889,robot_1,51.12195038795471
test-multi_10_2_t_cleaning_i1_bl0,10,2,1,cleaning,bl0,112.50569176673889,robot_2,112.50569176673889
test-multi_10_2_t_cleaning_i1_bl0,10,2,1,cleaning,bl0,112.50569176673889,robot_3,93.03742671012878
test-multi_10_2_t_cleaning_i1_bl0,10,2,1,cleaning,bl0,112.50569176673889,robot_4,100.50856328010559
test-multi_10_2_t_cleaning_i1_bl0,10,2,1,cleaning,bl0,112.50569176673889,robot_5,112.50569176673889
test-multi_10_2_t_cleaning_i1_bl0,10,2,1,cleaning,bl0,112.50569176673889,robot_6,112.50569176673889
test-multi_10_2_t_cleaning_i1_bl0,10,2,1,cleaning,bl0,112.50569176673889,robot_7,112.50569176673889
test-multi_10_2_t_cleaning_i1_bl0,10,2,1,cleaning,bl0,112.50569176673889,robot_8,90.04698085784912
test-multi_10_2_t_cleaning_i1_bl0,10,2,1,cleaning,bl0,112.50569176673889,robot_9,112.50569176673889
test-multi_10_2_t_cleaning_i1_bl0,10,2,1,cleaning,bl0,112.50569176673889,robot_10,94.5019519329071
test-multi_2_2_t_cleaning_i1_bl1,2,2,1,cleaning,bl1,135.02025723457336,robot_1,85.52557468414307
test-multi_2_2_t_cleaning_i1_bl1,2,2,1,cleaning,bl1,135.02025723457336,robot_2,54.02693152427673
test-multi_5_2_t_cleaning_i2_bl0,5,2,2,cleaning,bl0,94.50274348258972,robot_1,73.49714636802673
test-multi_5_2_t_cleaning_i2_bl0,5,2,2,cleaning,bl0,94.50274348258972,robot_2,85.50765919685364
test-multi_5_2_t_cleaning_i2_bl0,5,2,2,cleaning,bl0,94.50274348258972,robot_3,34.46295404434204
test-multi_5_2_t_cleaning_i2_bl0,5,2,2,cleaning,bl0,94.50274348258972,robot_4,82.51020741462708
test-multi_5_2_t_cleaning_i2_bl0,5,2,2,cleaning,bl0,94.50274348258972,robot_5,80.99136471748352
test-multi_2_20_t_cleaning_i2_bl1,2,20,2,cleaning,bl1,892.5083744525909,robot_1,94.48704957962036
test-multi_2_20_t_cleaning_i2_bl1,2,20,2,cleaning,bl1,892.5083744525909,robot_2,775.5086522102356
test-multi_5_2_t_cleaning_i2_bl2,5,2,2,cleaning,bl2,91.50529932975769,robot_1,70.50463032722473
test-multi_5_2_t_cleaning_i2_bl2,5,2,2,cleaning,bl2,91.50529932975769,robot_2,70.5059404373169
test-multi_5_2_t_cleaning_i2_bl2,5,2,2,cleaning,bl2,91.50529932975769,robot_3,82.51016879081726
test-multi_5_2_t_cleaning_i2_bl2,5,2,2,cleaning,bl2,91.50529932975769,robot_4,46.46447944641113
test-multi_5_2_t_cleaning_i2_bl2,5,2,2,cleaning,bl2,91.50529932975769,robot_5,73.51053595542908
test-multi_10_2_t_cleaning_i1_bl2,10,2,1,cleaning,bl2,111.05381226539612,robot_1,43.494330644607544
test-multi_10_2_t_cleaning_i1_bl2,10,2,1,cleaning,bl2,111.05381226539612,robot_2,100.57999348640442
test-multi_10_2_t_cleaning_i1_bl2,10,2,1,cleaning,bl2,111.05381226539612,robot_3,111.05381226539612
test-multi_10_2_t_cleaning_i1_bl2,10,2,1,cleaning,bl2,111.05381226539612,robot_4,111.05381226539612
test-multi_10_2_t_cleaning_i1_bl2,10,2,1,cleaning,bl2,111.05381226539612,robot_5,94.59492993354797
test-multi_10_2_t_cleaning_i1_bl2,10,2,1,cleaning,bl2,111.05381226539612,robot_6,96.0518217086792
test-multi_10_2_t_cleaning_i1_bl2,10,2,1,cleaning,bl2,111.05381226539612,robot_7,111.05381226539612
test-multi_10_2_t_cleaning_i1_bl2,10,2,1,cleaning,bl2,111.05381226539612,robot_8,111.05381226539612
test-multi_10_2_t_cleaning_i1_bl2,10,2,1,cleaning,bl2,111.05381226539612,robot_9,88.59662795066833
test-multi_10_2_t_cleaning_i1_bl2,10,2,1,cleaning,bl2,111.05381226539612,robot_10,111.05381226539612
test-multi_2_2_t_cleaning_i1_bl2,2,2,1,cleaning,bl2,133.50480723381042,robot_1,94.50570058822632
test-multi_2_2_t_cleaning_i1_bl2,2,2,1,cleaning,bl2,133.50480723381042,robot_2,37.5024049282074
test-multi_2_20_t_cleaning_i2_bl2,2,20,2,cleaning,bl2,904.5058515071869,robot_1,45.0121693611145
test-multi_2_20_t_cleaning_i2_bl2,2,20,2,cleaning,bl2,904.5058515071869,robot_2,847.4757051467896
test-multi_2_10_t_cleaning_i0_multi3,2,10,0,cleaning,multi3,324.021297454834,robot_1,3.0252668857574463
test-multi_2_10_t_cleaning_i0_multi3,2,10,0,cleaning,multi3,324.021297454834,robot_2,28.516634464263916
test-multi_10_2_t_cleaning_i0_bl2,10,2,0,cleaning,bl2,84.04673933982849,robot_1,42.128177881240845
test-multi_10_2_t_cleaning_i0_bl2,10,2,0,cleaning,bl2,84.04673933982849,robot_2,84.04673933982849
test-multi_10_2_t_cleaning_i0_bl2,10,2,0,cleaning,bl2,84.04673933982849,robot_3,84.04673933982849
test-multi_10_2_t_cleaning_i0_bl2,10,2,0,cleaning,bl2,84.04673933982849,robot_4,44.95828294754028
test-multi_10_2_t_cleaning_i0_bl2,10,2,0,cleaning,bl2,84.04673933982849,robot_5,84.04673933982849
test-multi_10_2_t_cleaning_i0_bl2,10,2,0,cleaning,bl2,84.04673933982849,robot_6,84.04673933982849
test-multi_10_2_t_cleaning_i0_bl2,10,2,0,cleaning,bl2,84.04673933982849,robot_7,64.48795509338379
test-multi_10_2_t_cleaning_i0_bl2,10,2,0,cleaning,bl2,84.04673933982849,robot_8,84.04673933982849
test-multi_10_2_t_cleaning_i0_bl2,10,2,0,cleaning,bl2,84.04673933982849,robot_9,84.04673933982849
test-multi_10_2_t_cleaning_i0_bl2,10,2,0,cleaning,bl2,84.04673933982849,robot_10,67.58891868591309
test-multi_2_10_t_cleaning_i2_bl2,2,10,2,cleaning,bl2,498.01349902153015,robot_1,277.3890657424927
test-multi_2_10_t_cleaning_i2_bl2,2,10,2,cleaning,bl2,498.01349902153015,robot_2,214.4353744983673
test-multi_2_2_t_cleaning_i0_bl2,2,2,0,cleaning,bl2,115.50598287582397,robot_1,36.00574445724487
test-multi_2_2_t_cleaning_i0_bl2,2,2,0,cleaning,bl2,115.50598287582397,robot_2,66.02616763114929
test-multi_5_20_t_cleaning_i0_multi3,5,20,0,cleaning,multi3,358.5053915977478,robot_1,199.5047459602356
test-multi_5_20_t_cleaning_i0_multi3,5,20,0,cleaning,multi3,358.5053915977478,robot_2,7.508166074752808
test-multi_5_20_t_cleaning_i0_multi3,5,20,0,cleaning,multi3,358.5053915977478,robot_3,286.5072431564331
test-multi_5_20_t_cleaning_i0_multi3,5,20,0,cleaning,multi3,358.5053915977478,robot_4,190.50958967208862
test-multi_5_20_t_cleaning_i0_multi3,5,20,0,cleaning,multi3,358.5053915977478,robot_5,1.5054478645324707
test-multi_5_10_t_cleaning_i1_multi3,5,10,1,cleaning,multi3,174.01862025260925,robot_1,34.557666063308716
test-multi_5_10_t_cleaning_i1_multi3,5,10,1,cleaning,multi3,174.01862025260925,robot_2,15.01702880859375
test-multi_5_10_t_cleaning_i1_multi3,5,10,1,cleaning,multi3,174.01862025260925,robot_3,43.47428774833679
test-multi_5_10_t_cleaning_i1_multi3,5,10,1,cleaning,multi3,174.01862025260925,robot_4,130.54721760749817
test-multi_5_10_t_cleaning_i1_multi3,5,10,1,cleaning,multi3,174.01862025260925,robot_5,82.57641673088074
test-multi_10_10_t_cleaning_i2_multi3,10,10,2,cleaning,multi3,81.04786252975464,robot_1,15.137720108032227
test-multi_10_10_t_cleaning_i2_multi3,10,10,2,cleaning,multi3,81.04786252975464,robot_2,21.138017654418945
test-multi_10_10_t_cleaning_i2_multi3,10,10,2,cleaning,multi3,81.04786252975464,robot_3,46.5917534828186
test-multi_10_10_t_cleaning_i2_multi3,10,10,2,cleaning,multi3,81.04786252975464,robot_4,40.50466561317444
test-multi_10_10_t_cleaning_i2_multi3,10,10,2,cleaning,multi3,81.04786252975464,robot_5,31.64110779762268
test-multi_10_10_t_cleaning_i2_multi3,10,10,2,cleaning,multi3,81.04786252975464,robot_6,24.138916969299316
test-multi_10_10_t_cleaning_i2_multi3,10,10,2,cleaning,multi3,81.04786252975464,robot_7,40.59101438522339
test-multi_10_10_t_cleaning_i2_multi3,10,10,2,cleaning,multi3,81.04786252975464,robot_8,55.504234313964844
test-multi_10_10_t_cleaning_i2_multi3,10,10,2,cleaning,multi3,81.04786252975464,robot_9,12.138855695724487
test-multi_10_10_t_cleaning_i2_multi3,10,10,2,cleaning,multi3,81.04786252975464,robot_10,19.595855712890625
test-multi_2_2_t_cleaning_i0_bl0,2,2,0,cleaning,bl0,120.08099389076233,robot_1,50.997955322265625
test-multi_2_2_t_cleaning_i0_bl0,2,2,0,cleaning,bl0,120.08099389076233,robot_2,54.066749811172485
test-multi_2_10_t_cleaning_i2_bl0,2,10,2,cleaning,bl0,477.01629877090454,robot_1,197.9225516319275
test-multi_2_10_t_cleaning_i2_bl0,2,10,2,cleaning,bl0,477.01629877090454,robot_2,244.41352486610413
test-multi_10_2_t_cleaning_i0_bl1,10,2,0,cleaning,bl1,76.50565505027771,robot_1,46.581951379776
test-multi_10_2_t_cleaning_i0_bl1,10,2,0,cleaning,bl1,76.50565505027771,robot_2,55.50505352020264
test-multi_10_2_t_cleaning_i0_bl1,10,2,0,cleaning,bl1,76.50565505027771,robot_3,57.04875826835632
test-multi_10_2_t_cleaning_i0_bl1,10,2,0,cleaning,bl1,76.50565505027771,robot_4,76.50565505027771
test-multi_10_2_t_cleaning_i0_bl1,10,2,0,cleaning,bl1,76.50565505027771,robot_5,60.039658546447754
test-multi_10_2_t_cleaning_i0_bl1,10,2,0,cleaning,bl1,76.50565505027771,robot_6,76.50565505027771
test-multi_10_2_t_cleaning_i0_bl1,10,2,0,cleaning,bl1,76.50565505027771,robot_7,66.0565435886383
test-multi_10_2_t_cleaning_i0_bl1,10,2,0,cleaning,bl1,76.50565505027771,robot_8,76.50565505027771
test-multi_10_2_t_cleaning_i0_bl1,10,2,0,cleaning,bl1,76.50565505027771,robot_9,76.50565505027771
test-multi_10_2_t_cleaning_i0_bl1,10,2,0,cleaning,bl1,76.50565505027771,robot_10,76.50565505027771
test-multi_10_2_t_cleaning_i0_bl0,10,2,0,cleaning,bl0,79.50514006614685,robot_1,21.030219078063965
test-multi_10_2_t_cleaning_i0_bl0,10,2,0,cleaning,bl0,79.50514006614685,robot_2,79.50514006614685
test-multi_10_2_t_cleaning_i0_bl0,10,2,0,cleaning,bl0,79.50514006614685,robot_3,79.50514006614685
test-multi_10_2_t_cleaning_i0_bl0,10,2,0,cleaning,bl0,79.50514006614685,robot_4,79.50514006614685
test-multi_10_2_t_cleaning_i0_bl0,10,2,0,cleaning,bl0,79.50514006614685,robot_5,66.03423810005188
test-multi_10_2_t_cleaning_i0_bl0,10,2,0,cleaning,bl0,79.50514006614685,robot_6,79.50514006614685
test-multi_10_2_t_cleaning_i0_bl0,10,2,0,cleaning,bl0,79.50514006614685,robot_7,79.50514006614685
test-multi_10_2_t_cleaning_i0_bl0,10,2,0,cleaning,bl0,79.50514006614685,robot_8,72.03763723373413
test-multi_10_2_t_cleaning_i0_bl0,10,2,0,cleaning,bl0,79.50514006614685,robot_9,79.50514006614685
test-multi_10_2_t_cleaning_i0_bl0,10,2,0,cleaning,bl0,79.50514006614685,robot_10,60.033955574035645
test-multi_2_10_t_cleaning_i2_bl1,2,10,2,cleaning,bl1,475.506605386734,robot_1,158.94420719146729
test-multi_2_10_t_cleaning_i2_bl1,2,10,2,cleaning,bl1,475.506605386734,robot_2,283.42483019828796
test-multi_2_2_t_cleaning_i0_bl1,2,2,0,cleaning,bl1,117.01058268547058,robot_1,29.997663497924805
test-multi_2_2_t_cleaning_i0_bl1,2,2,0,cleaning,bl1,117.01058268547058,robot_2,68.9970428943634
test-multi_2_20_t_cleaning_i1_multi3,2,20,1,cleaning,multi3,576.0218162536621,robot_1,6.018666505813599
test-multi_2_20_t_cleaning_i1_multi3,2,20,1,cleaning,multi3,576.0218162536621,robot_2,3.0237233638763428
